Name,Boy,Girl
Emma,no,yes
Olivia,no,yes
Ava,no,yes
Sophia,no,yes
Isabella,no,yes
Mia,no,yes
Charlotte,no,yes
Abigail,no,yes
Emily,no,yes
Harper,no,yes
Amelia,no,yes
Evelyn,no,yes
Elizabeth,no,yes
Sofia,no,yes
Madison,no,yes
Avery,no,yes
Ella,no,yes
Scarlett,no,yes
Grace,no,yes
Chloe,no,yes
Victoria,no,yes
Riley,no,yes
Aria,no,yes
Lily,no,yes
Aubrey,no,yes
Zoey,no,yes
Penelope,no,yes
Lillian,no,yes
Addison,no,yes
Layla,no,yes
Natalie,no,yes
Camila,no,yes
Hannah,no,yes
Brooklyn,no,yes
Zoe,no,yes
Nora,no,yes
Leah,no,yes
Savannah,no,yes
Audrey,no,yes
Claire,no,yes
Eleanor,no,yes
Skylar,no,yes
Ellie,no,yes
Samantha,no,yes
Stella,no,yes
Paisley,no,yes
Violet,no,yes
Mila,no,yes
Allison,no,yes
Alexa,no,yes
Anna,no,yes
Hazel,no,yes
Aaliyah,no,yes
Ariana,no,yes
Lucy,no,yes
Caroline,no,yes
Sarah,no,yes
Genesis,no,yes
Kennedy,no,yes
Sadie,no,yes
Gabriella,no,yes
Madelyn,no,yes
Adeline,no,yes
Maya,no,yes
Autumn,no,yes
Aurora,no,yes
Piper,no,yes
Hailey,no,yes
Arianna,no,yes
Kaylee,no,yes
Ruby,no,yes
Serenity,no,yes
Eva,no,yes
Naomi,no,yes
Nevaeh,no,yes
Alice,no,yes
Luna,no,yes
Bella,no,yes
Quinn,no,yes
Lydia,no,yes
Peyton,no,yes
Melanie,no,yes
Kylie,no,yes
Aubree,no,yes
Mackenzie,no,yes
Kinsley,no,yes
Cora,no,yes
Julia,no,yes
Taylor,no,yes
Katherine,no,yes
Madeline,no,yes
Gianna,no,yes
Eliana,no,yes
Elena,no,yes
Vivian,no,yes
Willow,no,yes
Reagan,no,yes
Brianna,no,yes
Clara,no,yes
Faith,no,yes
Ashley,no,yes
Emilia,no,yes
Isabelle,no,yes
Annabelle,no,yes
Rylee,no,yes
Valentina,no,yes
Everly,no,yes
Hadley,no,yes
Sophie,no,yes
Alexandra,no,yes
Natalia,no,yes
Ivy,no,yes
Maria,no,yes
Josephine,no,yes
Delilah,no,yes
Bailey,no,yes
Jade,no,yes
Ximena,no,yes
Alexis,no,yes
Alyssa,no,yes
Brielle,no,yes
Jasmine,no,yes
Liliana,no,yes
Adalynn,no,yes
Khloe,no,yes
Isla,no,yes
Mary,no,yes
Andrea,no,yes
Kayla,no,yes
Emery,no,yes
London,no,yes
Kimberly,no,yes
Morgan,no,yes
Lauren,no,yes
Sydney,no,yes
Nova,no,yes
Trinity,no,yes
Lyla,no,yes
Margaret,no,yes
Ariel,no,yes
Adalyn,no,yes
Athena,no,yes
Lilly,no,yes
Melody,no,yes
Isabel,no,yes
Jordyn,no,yes
Jocelyn,no,yes
Eden,no,yes
Paige,no,yes
Teagan,no,yes
Valeria,no,yes
Sara,no,yes
Norah,no,yes
Rose,no,yes
Aliyah,no,yes
Mckenzie,no,yes
Molly,no,yes
Raelynn,no,yes
Leilani,no,yes
Valerie,no,yes
Emerson,no,yes
Juliana,no,yes
Nicole,no,yes
Laila,no,yes
Makayla,no,yes
Elise,no,yes
Mariah,no,yes
Mya,no,yes
Arya,no,yes
Ryleigh,no,yes
Adaline,no,yes
Brooke,no,yes
Rachel,no,yes
Eliza,no,yes
Angelina,no,yes
Amy,no,yes
Reese,no,yes
Alina,no,yes
Cecilia,no,yes
Londyn,no,yes
Gracie,no,yes
Payton,no,yes
Esther,no,yes
Alaina,no,yes
Charlie,no,yes
Iris,no,yes
Arabella,no,yes
Genevieve,no,yes
Finley,no,yes
Daisy,no,yes
Harmony,no,yes
Anastasia,no,yes
Kendall,no,yes
Daniela,no,yes
Catherine,no,yes
Adelyn,no,yes
Vanessa,no,yes
Brooklynn,no,yes
Juliette,no,yes
Julianna,no,yes
Presley,no,yes
Summer,no,yes
Destiny,no,yes
Amaya,no,yes
Hayden,no,yes
Alana,no,yes
Rebecca,no,yes
Michelle,no,yes
Eloise,no,yes
Lila,no,yes
Fiona,no,yes
Callie,no,yes
Lucia,no,yes
Angela,no,yes
Marley,no,yes
Adriana,no,yes
Parker,no,yes
Alexandria,no,yes
Giselle,no,yes
Alivia,no,yes
Alayna,no,yes
Brynlee,no,yes
Ana,no,yes
Harley,no,yes
Gabrielle,no,yes
Dakota,no,yes
Georgia,no,yes
Juliet,no,yes
Tessa,no,yes
Leila,no,yes
Kate,no,yes
Jayla,no,yes
Jessica,no,yes
Lola,no,yes
Stephanie,no,yes
Sienna,no,yes
Josie,no,yes
Daleyza,no,yes
Rowan,no,yes
Evangeline,no,yes
Hope,no,yes
Maggie,no,yes
Camille,no,yes
Makenzie,no,yes
Vivienne,no,yes
Sawyer,no,yes
Gemma,no,yes
Joanna,no,yes
Noelle,no,yes
Elliana,no,yes
Mckenna,no,yes
Gabriela,no,yes
Kinley,no,yes
Rosalie,no,yes
Brynn,no,yes
Amiyah,no,yes
Melissa,no,yes
Adelaide,no,yes
Malia,no,yes
Ayla,no,yes
Izabella,no,yes
Delaney,no,yes
Cali,no,yes
Journey,no,yes
Maci,no,yes
Elaina,no,yes
Sloane,no,yes
June,no,yes
Diana,no,yes
Blakely,no,yes
Aniyah,no,yes
Olive,no,yes
Jennifer,no,yes
Paris,no,yes
Miranda,no,yes
Lena,no,yes
Jacqueline,no,yes
Paislee,no,yes
Jane,no,yes
Raegan,no,yes
Lyric,no,yes
Lilliana,no,yes
Adelynn,no,yes
Lucille,no,yes
Selena,no,yes
River,no,yes
Annie,no,yes
Cassidy,no,yes
Jordan,no,yes
Thea,no,yes
Mariana,no,yes
Amina,no,yes
Miriam,no,yes
Haven,no,yes
Remi,no,yes
Charlee,no,yes
Blake,no,yes
Lilah,no,yes
Ruth,no,yes
Amara,no,yes
Kali,no,yes
Kylee,no,yes
Arielle,no,yes
Emersyn,no,yes
Alessandra,no,yes
Fatima,no,yes
Talia,no,yes
Vera,no,yes
Nina,no,yes
Ariah,no,yes
Allie,no,yes
Addilyn,no,yes
Keira,no,yes
Catalina,no,yes
Raelyn,no,yes
Phoebe,no,yes
Lexi,no,yes
Zara,no,yes
Makenna,no,yes
Ember,no,yes
Leia,no,yes
Rylie,no,yes
Angel,no,yes
Haley,no,yes
Madilyn,no,yes
Kaitlyn,no,yes
Heaven,no,yes
Nyla,no,yes
Amanda,no,yes
Freya,no,yes
Journee,no,yes
Daniella,no,yes
Danielle,no,yes
Kenzie,no,yes
Ariella,no,yes
Lia,no,yes
Brinley,no,yes
Maddison,no,yes
Shelby,no,yes
Elsie,no,yes
Kamila,no,yes
Camilla,no,yes
Alison,no,yes
Ainsley,no,yes
Ada,no,yes
Laura,no,yes
Kendra,no,yes
Kayleigh,no,yes
Adrianna,no,yes
Madeleine,no,yes
Joy,no,yes
Juniper,no,yes
Chelsea,no,yes
Sage,no,yes
Erin,no,yes
Felicity,no,yes
Gracelyn,no,yes
Nadia,no,yes
Skyler,no,yes
Briella,no,yes
Aspen,no,yes
Myla,no,yes
Heidi,no,yes
Katie,no,yes
Zuri,no,yes
Jenna,no,yes
Kyla,no,yes
Kaia,no,yes
Kira,no,yes
Sabrina,no,yes
Gracelynn,no,yes
Gia,no,yes
Amira,no,yes
Alexia,no,yes
Amber,no,yes
Cadence,no,yes
Esmeralda,no,yes
Katelyn,no,yes
Scarlet,no,yes
Kamryn,no,yes
Alicia,no,yes
Miracle,no,yes
Kelsey,no,yes
Logan,no,yes
Kiara,no,yes
Bianca,no,yes
Kaydence,no,yes
Alondra,no,yes
Evelynn,no,yes
Christina,no,yes
Lana,no,yes
Aviana,no,yes
Dahlia,no,yes
Dylan,no,yes
Anaya,no,yes
Ashlyn,no,yes
Jada,no,yes
Kathryn,no,yes
Jimena,no,yes
Elle,no,yes
Gwendolyn,no,yes
April,no,yes
Carmen,no,yes
Mikayla,no,yes
Annalise,no,yes
Maeve,no,yes
Camryn,no,yes
Helen,no,yes
Daphne,no,yes
Braelynn,no,yes
Carly,no,yes
Cheyenne,no,yes
Leslie,no,yes
Veronica,no,yes
Nylah,no,yes
Kennedi,no,yes
Skye,no,yes
Evie,no,yes
Averie,no,yes
Harlow,no,yes
Allyson,no,yes
Carolina,no,yes
Tatum,no,yes
Francesca,no,yes
Aylin,no,yes
Ashlynn,no,yes
Sierra,no,yes
Mckinley,no,yes
Leighton,no,yes
Maliyah,no,yes
Annabella,no,yes
Megan,no,yes
Margot,no,yes
Luciana,no,yes
Mallory,no,yes
Millie,no,yes
Regina,no,yes
Nia,no,yes
Rosemary,no,yes
Saylor,no,yes
Abby,no,yes
Briana,no,yes
Phoenix,no,yes
Viviana,no,yes
Alejandra,no,yes
Frances,no,yes
Jayleen,no,yes
Serena,no,yes
Lorelei,no,yes
Zariah,no,yes
Ariyah,no,yes
Jazmin,no,yes
Avianna,no,yes
Carter,no,yes
Marlee,no,yes
Eve,no,yes
Aleah,no,yes
Remington,no,yes
Amari,no,yes
Bethany,no,yes
Fernanda,no,yes
Malaysia,no,yes
Willa,no,yes
Liana,no,yes
Ryan,no,yes
Addyson,no,yes
Yaretzi,no,yes
Colette,no,yes
Macie,no,yes
Selah,no,yes
Nayeli,no,yes
Madelynn,no,yes
Michaela,no,yes
Priscilla,no,yes
Janelle,no,yes
Samara,no,yes
Justice,no,yes
Itzel,no,yes
Emely,no,yes
Lennon,no,yes
Aubrie,no,yes
Julie,no,yes
Kyleigh,no,yes
Sarai,no,yes
Braelyn,no,yes
Alani,no,yes
Lacey,no,yes
Edith,no,yes
Elisa,no,yes
Macy,no,yes
Marilyn,no,yes
Baylee,no,yes
Karina,no,yes
Raven,no,yes
Celeste,no,yes
Adelina,no,yes
Matilda,no,yes
Kara,no,yes
Jamie,no,yes
Charleigh,no,yes
Aisha,no,yes
Kassidy,no,yes
Hattie,no,yes
Karen,no,yes
Sylvia,no,yes
Winter,no,yes
Aleena,no,yes
Angelica,no,yes
Magnolia,no,yes
Cataleya,no,yes
Danna,no,yes
Henley,no,yes
Mabel,no,yes
Kelly,no,yes
Brylee,no,yes
Jazlyn,no,yes
Virginia,no,yes
Helena,no,yes
Jillian,no,yes
Madilynn,no,yes
Blair,no,yes
Galilea,no,yes
Kensley,no,yes
Wren,no,yes
Bristol,no,yes
Emmalyn,no,yes
Holly,no,yes
Lauryn,no,yes
Cameron,no,yes
Hanna,no,yes
Meredith,no,yes
Royalty,no,yes
Sasha,no,yes
Lilith,no,yes
Jazmine,no,yes
Alayah,no,yes
Madisyn,no,yes
Cecelia,no,yes
Renata,no,yes
Lainey,no,yes
Liberty,no,yes
Brittany,no,yes
Savanna,no,yes
Imani,no,yes
Kyra,no,yes
Mira,no,yes
Mariam,no,yes
Tenley,no,yes
Aitana,no,yes
Gloria,no,yes
Maryam,no,yes
Giuliana,no,yes
Skyla,no,yes
Anne,no,yes
Johanna,no,yes
Myra,no,yes
Charley,no,yes
Tiffany,no,yes
Beatrice,no,yes
Karla,no,yes
Cynthia,no,yes
Janiyah,no,yes
Melany,no,yes
Alanna,no,yes
Lilian,no,yes
Demi,no,yes
Pearl,no,yes
Jaylah,no,yes
Maia,no,yes
Cassandra,no,yes
Jolene,no,yes
Crystal,no,yes
Everleigh,no,yes
Maisie,no,yes
Anahi,no,yes
Elianna,no,yes
Hallie,no,yes
Ivanna,no,yes
Oakley,no,yes
Ophelia,no,yes
Emelia,no,yes
Mae,no,yes
Marie,no,yes
Rebekah,no,yes
Azalea,no,yes
Haylee,no,yes
Bailee,no,yes
Anika,no,yes
Monica,no,yes
Kimber,no,yes
Sloan,no,yes
Jayda,no,yes
Anya,no,yes
Bridget,no,yes
Kailey,no,yes
Julissa,no,yes
Marissa,no,yes
Leona,no,yes
Aileen,no,yes
Addisyn,no,yes
Kaliyah,no,yes
Coraline,no,yes
Dayana,no,yes
Kaylie,no,yes
Celine,no,yes
Jaliyah,no,yes
Elaine,no,yes
Lillie,no,yes
Melina,no,yes
Jaelyn,no,yes
Shiloh,no,yes
Jemma,no,yes
Madalyn,no,yes
Addilynn,no,yes
Alaia,no,yes
Mikaela,no,yes
Adley,no,yes
Saige,no,yes
Angie,no,yes
Dallas,no,yes
Braylee,no,yes
Elsa,no,yes
Emmy,no,yes
Hayley,no,yes
Siena,no,yes
Lorelai,no,yes
Miah,no,yes
Royal,no,yes
Tiana,no,yes
Elliot,no,yes
Kori,no,yes
Greta,no,yes
Charli,no,yes
Elliott,no,yes
Julieta,no,yes
Alena,no,yes
Rory,no,yes
Harlee,no,yes
Rosa,no,yes
Ivory,no,yes
Guadalupe,no,yes
Jessie,no,yes
Laurel,no,yes
Annika,no,yes
Clarissa,no,yes
Karsyn,no,yes
Collins,no,yes
Kenia,no,yes
Milani,no,yes
Alia,no,yes
Chanel,no,yes
Dorothy,no,yes
Armani,no,yes
Emory,no,yes
Ellen,no,yes
Irene,no,yes
Adele,no,yes
Jaelynn,no,yes
Myah,no,yes
Hadassah,no,yes
Jayde,no,yes
Lilyana,no,yes
Malaya,no,yes
Kenna,no,yes
Amelie,no,yes
Reyna,no,yes
Teresa,no,yes
Angelique,no,yes
Linda,no,yes
Nathalie,no,yes
Kora,no,yes
Zahra,no,yes
Aurelia,no,yes
Kalani,no,yes
Rayna,no,yes
Jolie,no,yes
Sutton,no,yes
Aniya,no,yes
Jessa,no,yes
Laylah,no,yes
Esme,no,yes
Keyla,no,yes
Ariya,no,yes
Elisabeth,no,yes
Marina,no,yes
Mara,no,yes
Meadow,no,yes
Aliza,no,yes
Zelda,no,yes
Lea,no,yes
Elyse,no,yes
Monroe,no,yes
Penny,no,yes
Lilianna,no,yes
Lylah,no,yes
Liv,no,yes
Scarlette,no,yes
Kadence,no,yes
Ansley,no,yes
Emilee,no,yes
Perla,no,yes
Annabel,no,yes
Alaya,no,yes
Milena,no,yes
Karter,no,yes
Avah,no,yes
Amirah,no,yes
Leyla,no,yes
Livia,no,yes
Chaya,no,yes
Wynter,no,yes
Jaycee,no,yes
Lailah,no,yes
Amani,no,yes
Milana,no,yes
Lennox,no,yes
Remy,no,yes
Zariyah,no,yes
Clare,no,yes
Hadlee,no,yes
Kiera,no,yes
Rosie,no,yes
Alma,no,yes
Kaelyn,no,yes
Eileen,no,yes
Jayden,no,yes
Martha,no,yes
Noa,no,yes
Christine,no,yes
Ariadne,no,yes
Natasha,no,yes
Emerie,no,yes
Tatiana,no,yes
Joselyn,no,yes
Joyce,no,yes
Salma,no,yes
Amiya,no,yes
Audrina,no,yes
Kinslee,no,yes
Jaylene,no,yes
Analia,no,yes
Erika,no,yes
Lexie,no,yes
Mina,no,yes
Patricia,no,yes
Dulce,no,yes
Poppy,no,yes
Aubrielle,no,yes
Clementine,no,yes
Lara,no,yes
Amaris,no,yes
Milan,no,yes
Aliana,no,yes
Kailani,no,yes
Kaylani,no,yes
Maleah,no,yes
Belen,no,yes
Simone,no,yes
Whitney,no,yes
Elora,no,yes
Claudia,no,yes
Gwen,no,yes
Rylan,no,yes
Antonella,no,yes
Khaleesi,no,yes
Arely,no,yes
Princess,no,yes
Kenley,no,yes
Itzayana,no,yes
Karlee,no,yes
Paulina,no,yes
Laney,no,yes
Bria,no,yes
Chana,no,yes
Kynlee,no,yes
Astrid,no,yes
Giovanna,no,yes
Lindsey,no,yes
Sky,no,yes
Aryanna,no,yes
Ayleen,no,yes
Azariah,no,yes
Joelle,no,yes
Nala,no,yes
Tori,no,yes
Noemi,no,yes
Breanna,no,yes
Emmeline,no,yes
Mavis,no,yes
Amalia,no,yes
Mercy,no,yes
Tinley,no,yes
Averi,no,yes
Aiyana,no,yes
Alyson,no,yes
Corinne,no,yes
Leanna,no,yes
Madalynn,no,yes
Briar,no,yes
Jaylee,no,yes
Kailyn,no,yes
Kassandra,no,yes
Kaylin,no,yes
Nataly,no,yes
Amia,no,yes
Yareli,no,yes
Cara,no,yes
Taliyah,no,yes
Thalia,no,yes
Carolyn,no,yes
Estrella,no,yes
Montserrat,no,yes
Zaylee,no,yes
Anabelle,no,yes
Deborah,no,yes
Frida,no,yes
Zaria,no,yes
Kairi,no,yes
Katalina,no,yes
Nola,no,yes
Erica,no,yes
Isabela,no,yes
Jazlynn,no,yes
Paula,no,yes
Faye,no,yes
Louisa,no,yes
Alessia,no,yes
Courtney,no,yes
Reign,no,yes
Ryann,no,yes
Stevie,no,yes
Heavenly,no,yes
Lisa,no,yes
Roselyn,no,yes
Raina,no,yes
Adrienne,no,yes
Celia,no,yes
Estelle,no,yes
Marianna,no,yes
Brenda,no,yes
Kathleen,no,yes
Paola,no,yes
Hunter,no,yes
Ellis,no,yes
Hana,no,yes
Lina,no,yes
Raquel,no,yes
Aliya,no,yes
Iliana,no,yes
Kallie,no,yes
Emmalynn,no,yes
Naya,no,yes
Reina,no,yes
Wendy,no,yes
Landry,no,yes
Barbara,no,yes
Casey,no,yes
Karlie,no,yes
Kiana,no,yes
Rivka,no,yes
Kenya,no,yes
Aya,no,yes
Carla,no,yes
Dalary,no,yes
Jaylynn,no,yes
Sariah,no,yes
Andi,no,yes
Romina,no,yes
Dana,no,yes
Danica,no,yes
Ingrid,no,yes
Kehlani,no,yes
Zaniyah,no,yes
Alannah,no,yes
Avalynn,no,yes
Evalyn,no,yes
Sandra,no,yes
Veda,no,yes
Hadleigh,no,yes
Paityn,no,yes
Abril,no,yes
Ciara,no,yes
Holland,no,yes
Lillianna,no,yes
Kai,no,yes
Bryleigh,no,yes
Emilie,no,yes
Carlee,no,yes
Judith,no,yes
Kristina,no,yes
Janessa,no,yes
Annalee,no,yes
Zoie,no,yes
Maliah,no,yes
Bonnie,no,yes
Emmaline,no,yes
Louise,no,yes
Kaylynn,no,yes
Monserrat,no,yes
Nancy,no,yes
Noor,no,yes
Vada,no,yes
Aubriella,no,yes
Maxine,no,yes
Nathalia,no,yes
Tegan,no,yes
Aranza,no,yes
Emmie,no,yes
Brenna,no,yes
Estella,no,yes
Ellianna,no,yes
Kailee,no,yes
Ailani,no,yes
Caylee,no,yes
Zainab,no,yes
Zendaya,no,yes
Jana,no,yes
Julianne,no,yes
Ellison,no,yes
Sariyah,no,yes
Lizbeth,no,yes
Susan,no,yes
Alyvia,no,yes
Jewel,no,yes
Marjorie,no,yes
Marleigh,no,yes
Nathaly,no,yes
Sharon,no,yes
Yamileth,no,yes
Zion,no,yes
Mariyah,no,yes
Lyra,no,yes
Belle,no,yes
Yasmin,no,yes
Kaiya,no,yes
Maren,no,yes
Marisol,no,yes
Vienna,no,yes
Calliope,no,yes
Hailee,no,yes
Rayne,no,yes
Tabitha,no,yes
Anabella,no,yes
Blaire,no,yes
Giana,no,yes
Milania,no,yes
Paloma,no,yes
Amya,no,yes
Novalee,no,yes
Harleigh,no,yes
Ramona,no,yes
Rhea,no,yes
Aadhya,no,yes
Miya,no,yes
Desiree,no,yes
Frankie,no,yes
Sylvie,no,yes
Jasmin,no,yes
Moriah,no,yes
Rosalyn,no,yes
Kaya,no,yes
Joslyn,no,yes
Tinsley,no,yes
Farrah,no,yes
Aislinn,no,yes
Halle,no,yes
Madyson,no,yes
Micah,no,yes
Arden,no,yes
Bexley,no,yes
Ari,no,yes
Aubri,no,yes
Ayana,no,yes
Cherish,no,yes
Davina,no,yes
Anniston,no,yes
Riya,no,yes
Adilynn,no,yes
Ally,no,yes
Amayah,no,yes
Harmoni,no,yes
Heather,no,yes
Saoirse,no,yes
Azaria,no,yes
Alisha,no,yes
Nalani,no,yes
Maylee,no,yes
Shayla,no,yes
Briley,no,yes
Elin,no,yes
Lilia,no,yes
Ann,no,yes
Antonia,no,yes
Aryana,no,yes
Chandler,no,yes
Esperanza,no,yes
Lilyanna,no,yes
Alianna,no,yes
Luz,no,yes
Meilani,no,yes
Noah,yes,no
Liam,yes,no
William,yes,no
Mason,yes,no
James,yes,no
Benjamin,yes,no
Jacob,yes,no
Michael,yes,no
Elijah,yes,no
Ethan,yes,no
Alexander,yes,no
Oliver,yes,no
Daniel,yes,no
Lucas,yes,no
Matthew,yes,no
Aiden,yes,no
Jackson,yes,no
Logan,yes,no
David,yes,no
Joseph,yes,no
Samuel,yes,no
Henry,yes,no
Owen,yes,no
Sebastian,yes,no
Gabriel,yes,no
Carter,yes,no
Jayden,yes,no
John,yes,no
Luke,yes,no
Anthony,yes,no
Isaac,yes,no
Dylan,yes,no
Wyatt,yes,no
Andrew,yes,no
Joshua,yes,no
Christopher,yes,no
Grayson,yes,no
Jack,yes,no
Julian,yes,no
Ryan,yes,no
Jaxon,yes,no
Levi,yes,no
Nathan,yes,no
Caleb,yes,no
Hunter,yes,no
Christian,yes,no
Isaiah,yes,no
Thomas,yes,no
Aaron,yes,no
Lincoln,yes,no
Charles,yes,no
Eli,yes,no
Landon,yes,no
Connor,yes,no
Josiah,yes,no
Jonathan,yes,no
Cameron,yes,no
Jeremiah,yes,no
Mateo,yes,no
Adrian,yes,no
Hudson,yes,no
Robert,yes,no
Nicholas,yes,no
Brayden,yes,no
Nolan,yes,no
Easton,yes,no
Jordan,yes,no
Colton,yes,no
Evan,yes,no
Angel,yes,no
Asher,yes,no
Dominic,yes,no
Austin,yes,no
Leo,yes,no
Adam,yes,no
Jace,yes,no
Jose,yes,no
Ian,yes,no
Cooper,yes,no
Gavin,yes,no
Carson,yes,no
Jaxson,yes,no
Theodore,yes,no
Jason,yes,no
Ezra,yes,no
Chase,yes,no
Parker,yes,no
Xavier,yes,no
Kevin,yes,no
Zachary,yes,no
Tyler,yes,no
Ayden,yes,no
Elias,yes,no
Bryson,yes,no
Leonardo,yes,no
Greyson,yes,no
Sawyer,yes,no
Roman,yes,no
Brandon,yes,no
Bentley,yes,no
Kayden,yes,no
Ryder,yes,no
Nathaniel,yes,no
Vincent,yes,no
Miles,yes,no
Santiago,yes,no
Harrison,yes,no
Tristan,yes,no
Declan,yes,no
Cole,yes,no
Maxwell,yes,no
Luis,yes,no
Justin,yes,no
Everett,yes,no
Micah,yes,no
Axel,yes,no
Wesley,yes,no
Max,yes,no
Silas,yes,no
Weston,yes,no
Ezekiel,yes,no
Juan,yes,no
Damian,yes,no
Camden,yes,no
George,yes,no
Braxton,yes,no
Blake,yes,no
Jameson,yes,no
Diego,yes,no
Carlos,yes,no
Ivan,yes,no
Kingston,yes,no
Ashton,yes,no
Jesus,yes,no
Brody,yes,no
Emmett,yes,no
Abel,yes,no
Jayce,yes,no
Maverick,yes,no
Bennett,yes,no
Giovanni,yes,no
Eric,yes,no
Maddox,yes,no
Kaiden,yes,no
Kai,yes,no
Bryce,yes,no
Alex,yes,no
Calvin,yes,no
Ryker,yes,no
Jonah,yes,no
Luca,yes,no
King,yes,no
Timothy,yes,no
Alan,yes,no
Brantley,yes,no
Malachi,yes,no
Emmanuel,yes,no
Abraham,yes,no
Antonio,yes,no
Richard,yes,no
Jude,yes,no
Miguel,yes,no
Edward,yes,no
Victor,yes,no
Amir,yes,no
Joel,yes,no
Steven,yes,no
Matteo,yes,no
Hayden,yes,no
Patrick,yes,no
Grant,yes,no
Preston,yes,no
Tucker,yes,no
Jesse,yes,no
Finn,yes,no
Oscar,yes,no
Kaleb,yes,no
Gael,yes,no
Graham,yes,no
Elliot,yes,no
Alejandro,yes,no
Rowan,yes,no
Marcus,yes,no
Jeremy,yes,no
Zayden,yes,no
Karter,yes,no
Beau,yes,no
Bryan,yes,no
Maximus,yes,no
Aidan,yes,no
Avery,yes,no
Elliott,yes,no
August,yes,no
Nicolas,yes,no
Mark,yes,no
Colin,yes,no
Waylon,yes,no
Bradley,yes,no
Kyle,yes,no
Kaden,yes,no
Xander,yes,no
Caden,yes,no
Paxton,yes,no
Brian,yes,no
Dean,yes,no
Paul,yes,no
Peter,yes,no
Kenneth,yes,no
Jasper,yes,no
Lorenzo,yes,no
Zane,yes,no
Zion,yes,no
Beckett,yes,no
River,yes,no
Jax,yes,no
Andres,yes,no
Dawson,yes,no
Messiah,yes,no
Jaden,yes,no
Rhett,yes,no
Brady,yes,no
Lukas,yes,no
Omar,yes,no
Jorge,yes,no
Riley,yes,no
Derek,yes,no
Charlie,yes,no
Emiliano,yes,no
Griffin,yes,no
Myles,yes,no
Brooks,yes,no
Israel,yes,no
Sean,yes,no
Judah,yes,no
Iker,yes,no
Javier,yes,no
Erick,yes,no
Tanner,yes,no
Corbin,yes,no
Adriel,yes,no
Jase,yes,no
Jake,yes,no
Simon,yes,no
Cayden,yes,no
Knox,yes,no
Tobias,yes,no
Felix,yes,no
Milo,yes,no
Jayceon,yes,no
Gunner,yes,no
Francisco,yes,no
Kameron,yes,no
Cash,yes,no
Remington,yes,no
Reid,yes,no
Cody,yes,no
Martin,yes,no
Andre,yes,no
Rylan,yes,no
Maximiliano,yes,no
Zander,yes,no
Archer,yes,no
Barrett,yes,no
Killian,yes,no
Stephen,yes,no
Clayton,yes,no
Thiago,yes,no
Spencer,yes,no
Amari,yes,no
Josue,yes,no
Holden,yes,no
Emilio,yes,no
Arthur,yes,no
Chance,yes,no
Eduardo,yes,no
Leon,yes,no
Travis,yes,no
Ricardo,yes,no
Damien,yes,no
Manuel,yes,no
Gage,yes,no
Keegan,yes,no
Titus,yes,no
Raymond,yes,no
Kyrie,yes,no
Nash,yes,no
Finley,yes,no
Fernando,yes,no
Louis,yes,no
Peyton,yes,no
Rafael,yes,no
Phoenix,yes,no
Jaiden,yes,no
Lane,yes,no
Dallas,yes,no
Emerson,yes,no
Cristian,yes,no
Collin,yes,no
Kyler,yes,no
Devin,yes,no
Jeffrey,yes,no
Walter,yes,no
Anderson,yes,no
Cesar,yes,no
Mario,yes,no
Donovan,yes,no
Seth,yes,no
Garrett,yes,no
Enzo,yes,no
Conner,yes,no
Legend,yes,no
Caiden,yes,no
Beckham,yes,no
Jett,yes,no
Ronan,yes,no
Troy,yes,no
Karson,yes,no
Edwin,yes,no
Hector,yes,no
Cohen,yes,no
Ali,yes,no
Trevor,yes,no
Conor,yes,no
Orion,yes,no
Shane,yes,no
Andy,yes,no
Marco,yes,no
Walker,yes,no
Angelo,yes,no
Quinn,yes,no
Dalton,yes,no
Sergio,yes,no
Ace,yes,no
Tyson,yes,no
Johnny,yes,no
Dominick,yes,no
Colt,yes,no
Johnathan,yes,no
Gideon,yes,no
Julius,yes,no
Cruz,yes,no
Edgar,yes,no
Prince,yes,no
Dante,yes,no
Marshall,yes,no
Ellis,yes,no
Joaquin,yes,no
Major,yes,no
Arlo,yes,no
Alexis,yes,no
Reed,yes,no
Muhammad,yes,no
Frank,yes,no
Theo,yes,no
Shawn,yes,no
Erik,yes,no
Grady,yes,no
Nehemiah,yes,no
Daxton,yes,no
Atticus,yes,no
Gregory,yes,no
Matias,yes,no
Bodhi,yes,no
Emanuel,yes,no
Jensen,yes,no
Kash,yes,no
Romeo,yes,no
Desmond,yes,no
Solomon,yes,no
Allen,yes,no
Jaylen,yes,no
Leonel,yes,no
Roberto,yes,no
Pedro,yes,no
Kason,yes,no
Fabian,yes,no
Clark,yes,no
Dakota,yes,no
Abram,yes,no
Noel,yes,no
Kayson,yes,no
Malik,yes,no
Odin,yes,no
Jared,yes,no
Warren,yes,no
Kendrick,yes,no
Rory,yes,no
Jonas,yes,no
Adan,yes,no
Ibrahim,yes,no
Trenton,yes,no
Finnegan,yes,no
Landen,yes,no
Adonis,yes,no
Jay,yes,no
Ruben,yes,no
Drew,yes,no
Gunnar,yes,no
Ismael,yes,no
Jaxton,yes,no
Kane,yes,no
Hendrix,yes,no
Atlas,yes,no
Pablo,yes,no
Zaiden,yes,no
Wade,yes,no
Russell,yes,no
Cade,yes,no
Sullivan,yes,no
Malcolm,yes,no
Kade,yes,no
Harvey,yes,no
Princeton,yes,no
Skyler,yes,no
Corey,yes,no
Esteban,yes,no
Leland,yes,no
Derrick,yes,no
Ari,yes,no
Kamden,yes,no
Zayn,yes,no
Porter,yes,no
Franklin,yes,no
Raiden,yes,no
Braylon,yes,no
Ronald,yes,no
Cyrus,yes,no
Benson,yes,no
Malakai,yes,no
Hugo,yes,no
Marcos,yes,no
Maximilian,yes,no
Hayes,yes,no
Philip,yes,no
Lawson,yes,no
Phillip,yes,no
Bruce,yes,no
Braylen,yes,no
Zachariah,yes,no
Damon,yes,no
Dexter,yes,no
Enrique,yes,no
Aden,yes,no
Lennox,yes,no
Drake,yes,no
Khalil,yes,no
Tate,yes,no
Zayne,yes,no
Milan,yes,no
Brock,yes,no
Brendan,yes,no
Armando,yes,no
Gerardo,yes,no
Jamison,yes,no
Rocco,yes,no
Nasir,yes,no
Augustus,yes,no
Sterling,yes,no
Dillon,yes,no
Royal,yes,no
Royce,yes,no
Moses,yes,no
Jaime,yes,no
Johan,yes,no
Scott,yes,no
Chandler,yes,no
Raul,yes,no
Remy,yes,no
Cason,yes,no
Luka,yes,no
Mohamed,yes,no
Deacon,yes,no
Winston,yes,no
Albert,yes,no
Pierce,yes,no
Taylor,yes,no
Nikolai,yes,no
Bowen,yes,no
Danny,yes,no
Francis,yes,no
Brycen,yes,no
Jayson,yes,no
Moises,yes,no
Keith,yes,no
Hank,yes,no
Quentin,yes,no
Kasen,yes,no
Donald,yes,no
Julio,yes,no
Davis,yes,no
Alec,yes,no
Kolton,yes,no
Lawrence,yes,no
Rhys,yes,no
Kian,yes,no
Nico,yes,no
Matthias,yes,no
Kellan,yes,no
Mathias,yes,no
Ariel,yes,no
Justice,yes,no
Braden,yes,no
Rodrigo,yes,no
Ryland,yes,no
Leonidas,yes,no
Jerry,yes,no
Ronin,yes,no
Alijah,yes,no
Kobe,yes,no
Lewis,yes,no
Dennis,yes,no
Luciano,yes,no
Ahmed,yes,no
Frederick,yes,no
Darius,yes,no
Arjun,yes,no
Dax,yes,no
Asa,yes,no
Nixon,yes,no
Ezequiel,yes,no
Eden,yes,no
Tony,yes,no
Landyn,yes,no
Emmitt,yes,no
Mathew,yes,no
Kyson,yes,no
Otto,yes,no
Saul,yes,no
Uriel,yes,no
Colby,yes,no
Dustin,yes,no
Omari,yes,no
Raphael,yes,no
Brennan,yes,no
Callen,yes,no
Keaton,yes,no
Arturo,yes,no
Isaias,yes,no
Roy,yes,no
Kieran,yes,no
Ty,yes,no
Dorian,yes,no
Cannon,yes,no
Marvin,yes,no
Cullen,yes,no
Sage,yes,no
Uriah,yes,no
Darren,yes,no
Cayson,yes,no
Aarav,yes,no
Case,yes,no
Izaiah,yes,no
Armani,yes,no
Gustavo,yes,no
Jimmy,yes,no
Alberto,yes,no
Duke,yes,no
Rayan,yes,no
Chris,yes,no
Casey,yes,no
Roland,yes,no
Moshe,yes,no
Curtis,yes,no
Mauricio,yes,no
Alonzo,yes,no
Yusuf,yes,no
Nikolas,yes,no
Soren,yes,no
Hamza,yes,no
Jasiah,yes,no
Alfredo,yes,no
Devon,yes,no
Jalen,yes,no
Raylan,yes,no
Edison,yes,no
Jamari,yes,no
Oakley,yes,no
Samson,yes,no
Lionel,yes,no
Reece,yes,no
Sam,yes,no
Quincy,yes,no
Jakob,yes,no
Apollo,yes,no
Kingsley,yes,no
Ahmad,yes,no
Bryant,yes,no
Alvin,yes,no
Trey,yes,no
Mohammed,yes,no
Conrad,yes,no
Mitchell,yes,no
Salvador,yes,no
Quinton,yes,no
Bo,yes,no
Mohammad,yes,no
Elian,yes,no
Gianni,yes,no
Lennon,yes,no
Leonard,yes,no
Douglas,yes,no
Cassius,yes,no
Ricky,yes,no
Carl,yes,no
Gary,yes,no
Larry,yes,no
Colten,yes,no
Ramon,yes,no
Kellen,yes,no
Korbin,yes,no
Wilson,yes,no
Kylan,yes,no
Santino,yes,no
Niko,yes,no
Issac,yes,no
Jagger,yes,no
Lance,yes,no
Joe,yes,no
Julien,yes,no
Orlando,yes,no
Jefferson,yes,no
Memphis,yes,no
Crosby,yes,no
Mekhi,yes,no
Nelson,yes,no
Lucian,yes,no
Ayaan,yes,no
Nathanael,yes,no
Neil,yes,no
Makai,yes,no
Finnley,yes,no
Rex,yes,no
Forrest,yes,no
Layton,yes,no
Randy,yes,no
Boston,yes,no
Tristen,yes,no
Tatum,yes,no
Brayan,yes,no
Sylas,yes,no
Thaddeus,yes,no
Trent,yes,no
Morgan,yes,no
Roger,yes,no
Abdullah,yes,no
Casen,yes,no
Maurice,yes,no
Sincere,yes,no
Titan,yes,no
Kyree,yes,no
Talon,yes,no
Fletcher,yes,no
Langston,yes,no
Eddie,yes,no
Briggs,yes,no
Noe,yes,no
Kamari,yes,no
Rowen,yes,no
Zeke,yes,no
Aldo,yes,no
Kaison,yes,no
Valentino,yes,no
Vihaan,yes,no
Alden,yes,no
Terry,yes,no
Bruno,yes,no
Canaan,yes,no
Lee,yes,no
Byron,yes,no
Kohen,yes,no
Reese,yes,no
Braydon,yes,no
Madden,yes,no
Deandre,yes,no
Flynn,yes,no
Harley,yes,no
Hezekiah,yes,no
Amos,yes,no
Harry,yes,no
Zain,yes,no
Alessandro,yes,no
Stanley,yes,no
Lucca,yes,no
Branson,yes,no
Ernesto,yes,no
Joziah,yes,no
Leandro,yes,no
Ares,yes,no
Marc,yes,no
Blaine,yes,no
Joey,yes,no
Jon,yes,no
Yosef,yes,no
Carmelo,yes,no
Franco,yes,no
Jamal,yes,no
Mack,yes,no
Kristian,yes,no
Dane,yes,no
Lachlan,yes,no
Callum,yes,no
Graysen,yes,no
Kye,yes,no
Ben,yes,no
Aryan,yes,no
Gannon,yes,no
London,yes,no
Kareem,yes,no
Stetson,yes,no
Kristopher,yes,no
Tomas,yes,no
Ford,yes,no
Bronson,yes,no
Enoch,yes,no
Baylor,yes,no
Kaysen,yes,no
Axton,yes,no
Jaxen,yes,no
Rodney,yes,no
Dominik,yes,no
Emery,yes,no
Layne,yes,no
Wilder,yes,no
Jamir,yes,no
Tripp,yes,no
Kelvin,yes,no
Vicente,yes,no
Augustine,yes,no
Brett,yes,no
Callan,yes,no
Clay,yes,no
Crew,yes,no
Brecken,yes,no
Jacoby,yes,no
Abdiel,yes,no
Allan,yes,no
Maxton,yes,no
Melvin,yes,no
Rayden,yes,no
Terrance,yes,no
Demetrius,yes,no
Rohan,yes,no
Wayne,yes,no
Yahir,yes,no
Arian,yes,no
Fox,yes,no
Brentley,yes,no
Ray,yes,no
Zechariah,yes,no
Cain,yes,no
Guillermo,yes,no
Otis,yes,no
Tommy,yes,no
Alonso,yes,no
Dariel,yes,no
Jedidiah,yes,no
Maximo,yes,no
Cory,yes,no
Grey,yes,no
Reyansh,yes,no
Skylar,yes,no
Marcelo,yes,no
Castiel,yes,no
Kase,yes,no
Toby,yes,no
Bobby,yes,no
Jadiel,yes,no
Marcel,yes,no
Lochlan,yes,no
Jeffery,yes,no
Zackary,yes,no
Fisher,yes,no
Yousef,yes,no
Aron,yes,no
Chaim,yes,no
Felipe,yes,no
Axl,yes,no
Anakin,yes,no
Brodie,yes,no
Dash,yes,no
Anson,yes,no
Maison,yes,no
Zaire,yes,no
Samir,yes,no
Damari,yes,no
Elisha,yes,no
Davion,yes,no
Eugene,yes,no
Hassan,yes,no
Kannon,yes,no
Azariah,yes,no
Clyde,yes,no
Harper,yes,no
Nickolas,yes,no
Boone,yes,no
Magnus,yes,no
Coen,yes,no
Kole,yes,no
Willie,yes,no
Chad,yes,no
Xzavier,yes,no
Duncan,yes,no
Harold,yes,no
Houston,yes,no
Landry,yes,no
Trace,yes,no
Alvaro,yes,no
Ameer,yes,no
Junior,yes,no
Kamdyn,yes,no
Vincenzo,yes,no
Gerald,yes,no
Marlon,yes,no
Payton,yes,no
Jamie,yes,no
Kamryn,yes,no
Camdyn,yes,no
Anders,yes,no
Aydin,yes,no
Bentlee,yes,no
Reginald,yes,no
Jaziel,yes,no
Benton,yes,no
Bodie,yes,no
Misael,yes,no
Westin,yes,no
Will,yes,no
Channing,yes,no
Harlan,yes,no
Kody,yes,no
Kolten,yes,no
Thatcher,yes,no
Valentin,yes,no
Henrik,yes,no
Keenan,yes,no
Terrence,yes,no
Denver,yes,no
Emory,yes,no
Jerome,yes,no
Jermaine,yes,no
Cairo,yes,no
Sonny,yes,no
Mayson,yes,no
Alfred,yes,no
Cristiano,yes,no
Darian,yes,no
Eliseo,yes,no
Maxim,yes,no
Stefan,yes,no
Hugh,yes,no
Santana,yes,no
Javion,yes,no
Leighton,yes,no
Miller,yes,no
Riaan,yes,no
Rogelio,yes,no
Rudy,yes,no
Blaze,yes,no
Bridger,yes,no
Darwin,yes,no
Markus,yes,no
Ronnie,yes,no
Shepherd,yes,no
Vaughn,yes,no
Billy,yes,no
Marley,yes,no
Huxley,yes,no
Rey,yes,no
Keagan,yes,no
Draven,yes,no
Shiloh,yes,no
Brysen,yes,no
Giovani,yes,no
Alistair,yes,no
Brixton,yes,no
Heath,yes,no
Kalel,yes,no
Reuben,yes,no
Ridge,yes,no
Adrien,yes,no
Rene,yes,no
Sutton,yes,no
Zyaire,yes,no
Ephraim,yes,no
Neymar,yes,no
Vance,yes,no
Zavier,yes,no
Jessie,yes,no
Dangelo,yes,no
Dayton,yes,no
Emmet,yes,no
Ishaan,yes,no
Zaid,yes,no
Camron,yes,no
Jordy,yes,no
Kenny,yes,no
Micheal,yes,no
Shaun,yes,no
Alexzander,yes,no
Howard,yes,no
Kylo,yes,no
Eason,yes,no
Blaise,yes,no
Craig,yes,no
Hakeem,yes,no
Karim,yes,no
Jabari,yes,no
Jairo,yes,no
Khalid,yes,no
Turner,yes,no
Van,yes,no
Westley,yes,no
Braiden,yes,no
Cedric,yes,no
Darrell,yes,no
Louie,yes,no
Mustafa,yes,no
Yehuda,yes,no
Justus,yes,no
Salvatore,yes,no
Alfonso,yes,no
Kendall,yes,no
Konnor,yes,no
Lamar,yes,no
Gibson,yes,no
Ignacio,yes,no
Koda,yes,no
Leroy,yes,no
Terrell,yes,no
Tristian,yes,no
Achilles,yes,no
Jericho,yes,no
Ramiro,yes,no
Yahya,yes,no
Rolando,yes,no
Vivaan,yes,no
Dario,yes,no
Jair,yes,no
Ulises,yes,no
Judson,yes,no
Kashton,yes,no
Tadeo,yes,no
Marquis,yes,no
Avi,yes,no
Dimitri,yes,no
Dwayne,yes,no
Musa,yes,no
Ahmir,yes,no
Gordon,yes,no
Ira,yes,no
Seamus,yes,no
Kolby,yes,no
Brantlee,yes,no
Javon,yes,no
Rocky,yes,no
Urijah,yes,no
Brayson,yes,no
Mikael,yes,no
Santos,yes,no
Gilbert,yes,no
Greysen,yes,no
Lyric,yes,no
Coleman,yes,no
Dominique,yes,no
Foster,yes,no
Gauge,yes,no
Harris,yes,no
Kymani,yes,no
Leif,yes,no
Agustin,yes,no
Keanu,yes,no
Konner,yes,no
Brent,yes,no
Immanuel,yes,no
Benicio,yes,no
Ernest,yes,no
Merrick,yes,no
Yisroel,yes,no
Amare,yes,no
Jad,yes,no
Lyle,yes,no
Creed,yes,no
Krish,yes,no
Maddux,yes,no
Camilo,yes,no
Giancarlo,yes,no
Jamarion,yes,no
Steve,yes,no
Anton,yes,no
Jamar,yes,no
Jeremias,yes,no
Ralph,yes,no
Wesson,yes,no
Bode,yes,no
Braeden,yes,no
Brenden,yes,no
Eliezer,yes,no
Davian,yes,no
Gus,yes,no
Jonathon,yes,no
